{"cameraMode":{"drawMode":0,"name":"Shaded","section":"Shading Mode"},"sceneLighting":true,"audioPlay":false,"sceneViewState":{"showFog":true,"showMaterialUpdate":false,"showSkybox":true,"showFlares":true,"showImageEffects":true,"showParticleSystems":true},"in2DMode":false,"pivot":{"x":6.9974446296691898,"y":-2.004178524017334,"z":0.014784574508666993},"rotation":{"x":-0.3400229811668396,"y":-0.3826024532318115,"z":0.15392661094665528,"w":-0.8451665043830872},"size":35.50492477416992,"orthographic":false}