{"cameraMode":{"drawMode":0,"name":"Shaded","section":"Shading Mode"},"sceneLighting":true,"audioPlay":false,"sceneViewState":{"showFog":true,"showMaterialUpdate":false,"showSkybox":true,"showFlares":true,"showImageEffects":true,"showParticleSystems":true},"in2DMode":false,"pivot":{"x":287.25897216796877,"y":95.4044189453125,"z":156.67039489746095},"rotation":{"x":0.09803150594234467,"y":-0.21178527176380158,"z":0.02135643921792507,"w":0.9721527099609375},"size":458.60736083984377,"orthographic":true}