{"cameraMode":{"drawMode":0,"name":"Shaded","section":"Shading Mode"},"sceneLighting":false,"audioPlay":false,"sceneViewState":{"showFog":true,"showMaterialUpdate":true,"showSkybox":true,"showFlares":true,"showImageEffects":true,"showParticleSystems":true},"in2DMode":false,"pivot":{"x":291.6893005371094,"y":-858.9412841796875,"z":-825.8994140625},"rotation":{"x":0.05197605490684509,"y":0.9415459632873535,"z":-0.2853865921497345,"w":0.17130155861377717},"size":2822.2197265625,"orthographic":false}