{"cameraMode":{"drawMode":0,"name":"Shaded","section":"Shading Mode"},"sceneLighting":false,"audioPlay":false,"sceneViewState":{"showFog":true,"showMaterialUpdate":true,"showSkybox":true,"showFlares":true,"showImageEffects":true,"showParticleSystems":true},"in2DMode":false,"pivot":{"x":378.408447265625,"y":-75.52193450927735,"z":161.5582733154297},"rotation":{"x":-0.4736761748790741,"y":0.07272428274154663,"z":-0.03934531286358833,"w":-0.8768090605735779},"size":557.71337890625,"orthographic":false}