{"cameraMode":{"drawMode":0,"name":"Shaded","section":"Shading Mode"},"sceneLighting":false,"audioPlay":false,"sceneViewState":{"showFog":true,"showMaterialUpdate":true,"showSkybox":true,"showFlares":true,"showImageEffects":true,"showParticleSystems":true},"in2DMode":false,"pivot":{"x":-73.12736511230469,"y":-3.4316165447235109,"z":13.462423324584961},"rotation":{"x":-0.23039117455482484,"y":0.05132036656141281,"z":-0.012220550328493119,"w":-0.9716670513153076},"size":16.581615447998048,"orthographic":false}