{"cameraMode":{"drawMode":0,"name":"Shaded","section":"Shading Mode"},"sceneLighting":false,"audioPlay":false,"sceneViewState":{"showFog":true,"showMaterialUpdate":true,"showSkybox":true,"showFlares":true,"showImageEffects":true,"showParticleSystems":true},"in2DMode":false,"pivot":{"x":442.9154357910156,"y":-674.23046875,"z":-954.8817749023438},"rotation":{"x":0.060467638075351718,"y":0.9373842477798462,"z":-0.2734098434448242,"w":0.20712700486183167},"size":2181.650390625,"orthographic":false}