{"cameraMode":{"drawMode":0,"name":"Shaded","section":"Shading Mode"},"sceneLighting":true,"audioPlay":false,"sceneViewState":{"showFog":true,"showMaterialUpdate":false,"showSkybox":true,"showFlares":true,"showImageEffects":true,"showParticleSystems":true},"in2DMode":false,"pivot":{"x":551.919189453125,"y":164.68833923339845,"z":739.339111328125},"rotation":{"x":-0.004283730871975422,"y":0.5434088110923767,"z":0.0027747375424951317,"w":0.8394528031349182},"size":1552.0198974609375,"orthographic":false}